
INSERT [dbo].[food] ([food_id], [food_name], [price], [photo]) VALUES (7, N'Chicken In Teriyaki 1', 264.4600, N'feature-item-1.jpg')
INSERT [dbo].[food] ([food_id], [food_name], [price], [photo]) VALUES (8, N'Hotdog With Sausage 1', 364.2400, N'feature-item-2.jpg')
INSERT [dbo].[food] ([food_id], [food_name], [price], [photo]) VALUES (9, N'Breakfast With Sweet 1', 546.3200, N'feature-item-3.jpg')
INSERT [dbo].[food] ([food_id], [food_name], [price], [photo]) VALUES (10, N'Grilled Chicken Stick 1', 215.9700, N'feature-item-4.jpg')
INSERT [dbo].[food] ([food_id], [food_name], [price], [photo]) VALUES (11, N'Chicken Barista platter 1', 536.6800, N'feature-item-5.jpg')
INSERT [dbo].[food] ([food_id], [food_name], [price], [photo]) VALUES (12, N'French Fries Pack 1', 87.5300, N'feature-item-6.jpg')
INSERT [dbo].[food] ([food_id], [food_name], [price], [photo]) VALUES (13, N'Chicken In Teriyaki 2', 52.8600, N'feature-item-1.jpg')
INSERT [dbo].[food] ([food_id], [food_name], [price], [photo]) VALUES (14, N'Hotdog With Sausage 2', 35.2100, N'feature-item-2.jpg')
INSERT [dbo].[food] ([food_id], [food_name], [price], [photo]) VALUES (15, N'Breakfast With Sweet 2', 215.0000, N'feature-item-3.jpg')
INSERT [dbo].[food] ([food_id], [food_name], [price], [photo]) VALUES (16, N'Grilled Chicken Stick 2', 315.5700, N'feature-item-4.jpg')
INSERT [dbo].[food] ([food_id], [food_name], [price], [photo]) VALUES (17, N'Chicken Barista platter 2', 578.7100, N'feature-item-5.jpg')
INSERT [dbo].[food] ([food_id], [food_name], [price], [photo]) VALUES (18, N'French Fries Pack 2', 136.0000, N'feature-item-6.jpg')
INSERT [dbo].[food] ([food_id], [food_name], [price], [photo]) VALUES (19, N'Chicken In Teriyaki 3', 351.7300, N'feature-item-1.jpg')
INSERT [dbo].[food] ([food_id], [food_name], [price], [photo]) VALUES (20, N'Hotdog With Sausage 3', 752.5700, N'feature-item-2.jpg')
INSERT [dbo].[food] ([food_id], [food_name], [price], [photo]) VALUES (21, N'Breakfast With Sweet 3', 52.3500, N'feature-item-3.jpg')
INSERT [dbo].[food] ([food_id], [food_name], [price], [photo]) VALUES (22, N'Grilled Chicken Stick 3', 24.3500, N'feature-item-4.jpg')
INSERT [dbo].[food] ([food_id], [food_name], [price], [photo]) VALUES (23, N'Chicken Barista platter 3', 54.0000, N'feature-item-5.jpg')
INSERT [dbo].[food] ([food_id], [food_name], [price], [photo]) VALUES (24, N'French Fries Pack 3', 42.0000, N'feature-item-6.jpg')
INSERT [dbo].[food] ([food_id], [food_name], [price], [photo]) VALUES (25, N'Chicken In Teriyaki 4', 49.0000, N'feature-item-1.jpg')
INSERT [dbo].[food] ([food_id], [food_name], [price], [photo]) VALUES (26, N'Hotdog With Sausage 4', 51.3300, N'feature-item-2.jpg')
INSERT [dbo].[food] ([food_id], [food_name], [price], [photo]) VALUES (27, N'Breakfast With Sweet 4', 52.3500, N'feature-item-3.jpg')
INSERT [dbo].[food] ([food_id], [food_name], [price], [photo]) VALUES (28, N'Grilled Chicken Stick 4', 25.3500, N'feature-item-4.jpg')
INSERT [dbo].[food] ([food_id], [food_name], [price], [photo]) VALUES (29, N'Chicken Barista platter 4', 32.3500, N'feature-item-5.jpg')
INSERT [dbo].[food] ([food_id], [food_name], [price], [photo]) VALUES (30, N'French Fries Pack 4', 15.3500, N'feature-item-6.jpg')
INSERT [dbo].[food] ([food_id], [food_name], [price], [photo]) VALUES (31, N'Chicken In Teriyaki 5', 22.3500, N'feature-item-1.jpg')
INSERT [dbo].[food] ([food_id], [food_name], [price], [photo]) VALUES (32, N'Hotdog With Sausage 5', 30.3500, N'feature-item-2.jpg')
INSERT [dbo].[food] ([food_id], [food_name], [price], [photo]) VALUES (33, N'Breakfast With Sweet 5', 52.3500, N'feature-item-3.jpg')
INSERT [dbo].[food] ([food_id], [food_name], [price], [photo]) VALUES (34, N'Grilled Chicken Stick 5', 25.3500, N'feature-item-4.jpg')
INSERT [dbo].[food] ([food_id], [food_name], [price], [photo]) VALUES (35, N'Chicken Barista platter 5', 32.3500, N'feature-item-5.jpg')
INSERT [dbo].[food] ([food_id], [food_name], [price], [photo]) VALUES (36, N'French Fries Pack 5', 15.3500, N'feature-item-6.jpg')
INSERT [dbo].[food] ([food_id], [food_name], [price], [photo]) VALUES (37, N'Chicken In Teriyaki 6', 22.3500, N'feature-item-1.jpg')
INSERT [dbo].[food] ([food_id], [food_name], [price], [photo]) VALUES (38, N'Hotdog With Sausage 6', 30.3500, N'feature-item-2.jpg')
INSERT [dbo].[food] ([food_id], [food_name], [price], [photo]) VALUES (39, N'Breakfast With Sweet 6', 52.3500, N'feature-item-3.jpg')
INSERT [dbo].[food] ([food_id], [food_name], [price], [photo]) VALUES (40, N'Grilled Chicken Stick 6', 25.3500, N'feature-item-4.jpg')
INSERT [dbo].[food] ([food_id], [food_name], [price], [photo]) VALUES (41, N'Chicken Barista platter 6', 32.3500, N'feature-item-5.jpg')
INSERT [dbo].[food] ([food_id], [food_name], [price], [photo]) VALUES (42, N'French Fries Pack 6', 15.3500, N'feature-item-6.jpg')


INSERT [dbo].[foodDetail] ([food_id], [category_id], [status], [description], [size_id], [image_title1], [image_title2]) VALUES (7, 1, 1, N'no', 1, N'feature-item-1.jpg', N'feature-item-1.jpg')
INSERT [dbo].[foodDetail] ([food_id], [category_id], [status], [description], [size_id], [image_title1], [image_title2]) VALUES (8, 1, 1, N'no', 2, N'feature-item-2.jpg', N'feature-item-2.jpg')
INSERT [dbo].[foodDetail] ([food_id], [category_id], [status], [description], [size_id], [image_title1], [image_title2]) VALUES (9, 4, 1, N'no', 1, N'feature-item-3.jpg', N'feature-item-3.jpg')
INSERT [dbo].[foodDetail] ([food_id], [category_id], [status], [description], [size_id], [image_title1], [image_title2]) VALUES (10, 5, 1, N'no', 2, N'feature-item-4.jpg', N'feature-item-4.jpg')
INSERT [dbo].[foodDetail] ([food_id], [category_id], [status], [description], [size_id], [image_title1], [image_title2]) VALUES (11, 2, 1, N'no', 3, N'feature-item-5.jpg', N'feature-item-5.jpg')
INSERT [dbo].[foodDetail] ([food_id], [category_id], [status], [description], [size_id], [image_title1], [image_title2]) VALUES (12, 5, 1, N'no', 3, N'feature-item-6.jpg', N'feature-item-6.jpg')
INSERT [dbo].[foodDetail] ([food_id], [category_id], [status], [description], [size_id], [image_title1], [image_title2]) VALUES (13, 1, 1, N'no', 1, N'feature-item-1.jpg', N'feature-item-1.jpg')
INSERT [dbo].[foodDetail] ([food_id], [category_id], [status], [description], [size_id], [image_title1], [image_title2]) VALUES (14, 1, 1, N'no', 2, N'feature-item-2.jpg', N'feature-item-2.jpg')
INSERT [dbo].[foodDetail] ([food_id], [category_id], [status], [description], [size_id], [image_title1], [image_title2]) VALUES (15, 4, 1, N'no', 1, N'feature-item-3.jpg', N'feature-item-3.jpg')
INSERT [dbo].[foodDetail] ([food_id], [category_id], [status], [description], [size_id], [image_title1], [image_title2]) VALUES (16, 5, 1, N'no', 2, N'feature-item-4.jpg', N'feature-item-4.jpg')
INSERT [dbo].[foodDetail] ([food_id], [category_id], [status], [description], [size_id], [image_title1], [image_title2]) VALUES (17, 2, 1, N'no', 3, N'feature-item-5.jpg', N'feature-item-5.jpg')
INSERT [dbo].[foodDetail] ([food_id], [category_id], [status], [description], [size_id], [image_title1], [image_title2]) VALUES (18, 5, 1, N'no', 3, N'feature-item-6.jpg', N'feature-item-6.jpg')
INSERT [dbo].[foodDetail] ([food_id], [category_id], [status], [description], [size_id], [image_title1], [image_title2]) VALUES (19, 1, 1, N'no', 1, N'feature-item-1.jpg', N'feature-item-1.jpg')
INSERT [dbo].[foodDetail] ([food_id], [category_id], [status], [description], [size_id], [image_title1], [image_title2]) VALUES (20, 1, 1, N'no', 2, N'feature-item-2.jpg', N'feature-item-2.jpg')
INSERT [dbo].[foodDetail] ([food_id], [category_id], [status], [description], [size_id], [image_title1], [image_title2]) VALUES (21, 4, 1, N'no', 1, N'feature-item-3.jpg', N'feature-item-3.jpg')
INSERT [dbo].[foodDetail] ([food_id], [category_id], [status], [description], [size_id], [image_title1], [image_title2]) VALUES (22, 5, 1, N'no', 2, N'feature-item-4.jpg', N'feature-item-4.jpg')
INSERT [dbo].[foodDetail] ([food_id], [category_id], [status], [description], [size_id], [image_title1], [image_title2]) VALUES (23, 2, 1, N'no', 3, N'feature-item-5.jpg', N'feature-item-5.jpg')
INSERT [dbo].[foodDetail] ([food_id], [category_id], [status], [description], [size_id], [image_title1], [image_title2]) VALUES (24, 5, 1, N'no', 3, N'feature-item-6.jpg', N'feature-item-6.jpg')
INSERT [dbo].[foodDetail] ([food_id], [category_id], [status], [description], [size_id], [image_title1], [image_title2]) VALUES (25, 1, 1, N'no', 1, N'feature-item-1.jpg', N'feature-item-1.jpg')
INSERT [dbo].[foodDetail] ([food_id], [category_id], [status], [description], [size_id], [image_title1], [image_title2]) VALUES (26, 1, 1, N'no', 2, N'feature-item-2.jpg', N'feature-item-2.jpg')
INSERT [dbo].[foodDetail] ([food_id], [category_id], [status], [description], [size_id], [image_title1], [image_title2]) VALUES (27, 4, 1, N'no', 1, N'feature-item-3.jpg', N'feature-item-3.jpg')
INSERT [dbo].[foodDetail] ([food_id], [category_id], [status], [description], [size_id], [image_title1], [image_title2]) VALUES (28, 5, 1, N'no', 2, N'feature-item-4.jpg', N'feature-item-4.jpg')
INSERT [dbo].[foodDetail] ([food_id], [category_id], [status], [description], [size_id], [image_title1], [image_title2]) VALUES (29, 2, 1, N'no', 3, N'feature-item-5.jpg', N'feature-item-5.jpg')
INSERT [dbo].[foodDetail] ([food_id], [category_id], [status], [description], [size_id], [image_title1], [image_title2]) VALUES (30, 5, 1, N'no', 3, N'feature-item-6.jpg', N'feature-item-6.jpg')
INSERT [dbo].[foodDetail] ([food_id], [category_id], [status], [description], [size_id], [image_title1], [image_title2]) VALUES (31, 1, 1, N'no', 2, N'feature-item-2.jpg', N'feature-item-2.jpg')
INSERT [dbo].[foodDetail] ([food_id], [category_id], [status], [description], [size_id], [image_title1], [image_title2]) VALUES (32, 4, 1, N'no', 1, N'feature-item-3.jpg', N'feature-item-3.jpg')
INSERT [dbo].[foodDetail] ([food_id], [category_id], [status], [description], [size_id], [image_title1], [image_title2]) VALUES (33, 5, 1, N'no', 2, N'feature-item-4.jpg', N'feature-item-4.jpg')
INSERT [dbo].[foodDetail] ([food_id], [category_id], [status], [description], [size_id], [image_title1], [image_title2]) VALUES (34, 2, 1, N'no', 3, N'feature-item-5.jpg', N'feature-item-5.jpg')
INSERT [dbo].[foodDetail] ([food_id], [category_id], [status], [description], [size_id], [image_title1], [image_title2]) VALUES (35, 5, 1, N'no', 3, N'feature-item-6.jpg', N'feature-item-6.jpg')
INSERT [dbo].[foodDetail] ([food_id], [category_id], [status], [description], [size_id], [image_title1], [image_title2]) VALUES (36, 1, 1, N'no', 1, N'feature-item-1.jpg', N'feature-item-1.jpg')
INSERT [dbo].[foodDetail] ([food_id], [category_id], [status], [description], [size_id], [image_title1], [image_title2]) VALUES (37, 1, 1, N'no', 2, N'feature-item-2.jpg', N'feature-item-2.jpg')
INSERT [dbo].[foodDetail] ([food_id], [category_id], [status], [description], [size_id], [image_title1], [image_title2]) VALUES (38, 4, 1, N'no', 1, N'feature-item-3.jpg', N'feature-item-3.jpg')
INSERT [dbo].[foodDetail] ([food_id], [category_id], [status], [description], [size_id], [image_title1], [image_title2]) VALUES (39, 5, 1, N'no', 2, N'feature-item-4.jpg', N'feature-item-4.jpg')
INSERT [dbo].[foodDetail] ([food_id], [category_id], [status], [description], [size_id], [image_title1], [image_title2]) VALUES (40, 2, 1, N'no', 3, N'feature-item-5.jpg', N'feature-item-5.jpg')
INSERT [dbo].[foodDetail] ([food_id], [category_id], [status], [description], [size_id], [image_title1], [image_title2]) VALUES (41, 5, 1, N'no', 3, N'feature-item-6.jpg', N'feature-item-6.jpg')
INSERT [dbo].[foodDetail] ([food_id], [category_id], [status], [description], [size_id], [image_title1], [image_title2]) VALUES (42, 1, 1, N'no', 1, N'feature-item-1.jpg', N'feature-item-1.jpg')

GO
SET IDENTITY_INSERT [dbo].[orderDetail] ON 

INSERT [dbo].[orderDetail] ([orderDetail_id], [order_id], [food_id], [quantity], [price]) VALUES (5, 5, 3, 1, 52.3500)
INSERT [dbo].[orderDetail] ([orderDetail_id], [order_id], [food_id], [quantity], [price]) VALUES (6, 6, 1, 4, 22.3500)
INSERT [dbo].[orderDetail] ([orderDetail_id], [order_id], [food_id], [quantity], [price]) VALUES (7, 7, 1, 4, 22.3500)
INSERT [dbo].[orderDetail] ([orderDetail_id], [order_id], [food_id], [quantity], [price]) VALUES (8, 10, 6, 1, 15.3500)
INSERT [dbo].[orderDetail] ([orderDetail_id], [order_id], [food_id], [quantity], [price]) VALUES (9, 11, 6, 1, 15.3500)
INSERT [dbo].[orderDetail] ([orderDetail_id], [order_id], [food_id], [quantity], [price]) VALUES (10, 12, 6, 3, 15.3500)
INSERT [dbo].[orderDetail] ([orderDetail_id], [order_id], [food_id], [quantity], [price]) VALUES (11, 12, 1, 1, 22.3500)
INSERT [dbo].[orderDetail] ([orderDetail_id], [order_id], [food_id], [quantity], [price]) VALUES (12, 13, 6, 3, 15.3500)
INSERT [dbo].[orderDetail] ([orderDetail_id], [order_id], [food_id], [quantity], [price]) VALUES (13, 13, 30, 3, 15.3500)
INSERT [dbo].[orderDetail] ([orderDetail_id], [order_id], [food_id], [quantity], [price]) VALUES (14, 13, 42, 1, 15.3500)
INSERT [dbo].[orderDetail] ([orderDetail_id], [order_id], [food_id], [quantity], [price]) VALUES (15, 13, 36, 6, 15.3500)
INSERT [dbo].[orderDetail] ([orderDetail_id], [order_id], [food_id], [quantity], [price]) VALUES (16, 14, 30, 1, 15.3500)
INSERT [dbo].[orderDetail] ([orderDetail_id], [order_id], [food_id], [quantity], [price]) VALUES (17, 14, 6, 1, 15.3500)
INSERT [dbo].[orderDetail] ([orderDetail_id], [order_id], [food_id], [quantity], [price]) VALUES (18, 14, 42, 1, 15.3500)
INSERT [dbo].[orderDetail] ([orderDetail_id], [order_id], [food_id], [quantity], [price]) VALUES (19, 15, 6, 1, 15.3500)
INSERT [dbo].[orderDetail] ([orderDetail_id], [order_id], [food_id], [quantity], [price]) VALUES (20, 15, 20, 1, 752.5700)
INSERT [dbo].[orderDetail] ([orderDetail_id], [order_id], [food_id], [quantity], [price]) VALUES (21, 15, 17, 1, 578.7100)
INSERT [dbo].[orderDetail] ([orderDetail_id], [order_id], [food_id], [quantity], [price]) VALUES (22, 16, 6, 1, 15.3500)
INSERT [dbo].[orderDetail] ([orderDetail_id], [order_id], [food_id], [quantity], [price]) VALUES (23, 20, 6, 1, 15.3500)
INSERT [dbo].[orderDetail] ([orderDetail_id], [order_id], [food_id], [quantity], [price]) VALUES (24, 20, 30, 1, 15.3500)
INSERT [dbo].[orderDetail] ([orderDetail_id], [order_id], [food_id], [quantity], [price]) VALUES (25, 20, 42, 1, 15.3500)
INSERT [dbo].[orderDetail] ([orderDetail_id], [order_id], [food_id], [quantity], [price]) VALUES (26, 21, 30, 22, 15.3500)
INSERT [dbo].[orderDetail] ([orderDetail_id], [order_id], [food_id], [quantity], [price]) VALUES (27, 21, 30, 1, 15.3500)
INSERT [dbo].[orderDetail] ([orderDetail_id], [order_id], [food_id], [quantity], [price]) VALUES (28, 22, 30, 22, 15.3500)
INSERT [dbo].[orderDetail] ([orderDetail_id], [order_id], [food_id], [quantity], [price]) VALUES (29, 22, 30, 1, 15.3500)
INSERT [dbo].[orderDetail] ([orderDetail_id], [order_id], [food_id], [quantity], [price]) VALUES (30, 23, 36, 21, 15.3500)
INSERT [dbo].[orderDetail] ([orderDetail_id], [order_id], [food_id], [quantity], [price]) VALUES (31, 24, 42, 22, 15.3500)
INSERT [dbo].[orderDetail] ([orderDetail_id], [order_id], [food_id], [quantity], [price]) VALUES (32, 25, 31, 39, 22.3500)
INSERT [dbo].[orderDetail] ([orderDetail_id], [order_id], [food_id], [quantity], [price]) VALUES (33, 25, 38, 23, 30.3500)
INSERT [dbo].[orderDetail] ([orderDetail_id], [order_id], [food_id], [quantity], [price]) VALUES (34, 25, 2, 24, 30.3500)
INSERT [dbo].[orderDetail] ([orderDetail_id], [order_id], [food_id], [quantity], [price]) VALUES (35, 26, 37, 1, 22.3500)
INSERT [dbo].[orderDetail] ([orderDetail_id], [order_id], [food_id], [quantity], [price]) VALUES (36, 26, 31, 1, 22.3500)
INSERT [dbo].[orderDetail] ([orderDetail_id], [order_id], [food_id], [quantity], [price]) VALUES (37, 27, 42, 1, 15.3500)
INSERT [dbo].[orderDetail] ([orderDetail_id], [order_id], [food_id], [quantity], [price]) VALUES (38, 27, 36, 1, 15.3500)
INSERT [dbo].[orderDetail] ([orderDetail_id], [order_id], [food_id], [quantity], [price]) VALUES (39, 27, 31, 1, 22.3500)
INSERT [dbo].[orderDetail] ([orderDetail_id], [order_id], [food_id], [quantity], [price]) VALUES (40, 27, 37, 1, 22.3500)
INSERT [dbo].[orderDetail] ([orderDetail_id], [order_id], [food_id], [quantity], [price]) VALUES (41, 28, 30, 1, 15.3500)
INSERT [dbo].[orderDetail] ([orderDetail_id], [order_id], [food_id], [quantity], [price]) VALUES (42, 28, 42, 1, 15.3500)
INSERT [dbo].[orderDetail] ([orderDetail_id], [order_id], [food_id], [quantity], [price]) VALUES (43, 28, 31, 3, 22.3500)
INSERT [dbo].[orderDetail] ([orderDetail_id], [order_id], [food_id], [quantity], [price]) VALUES (44, 29, 30, 1, 15.3500)
INSERT [dbo].[orderDetail] ([orderDetail_id], [order_id], [food_id], [quantity], [price]) VALUES (45, 29, 36, 1, 15.3500)
INSERT [dbo].[orderDetail] ([orderDetail_id], [order_id], [food_id], [quantity], [price]) VALUES (46, 29, 42, 6, 15.3500)
INSERT [dbo].[orderDetail] ([orderDetail_id], [order_id], [food_id], [quantity], [price]) VALUES (47, 30, 6, 6, 15.3500)
INSERT [dbo].[orderDetail] ([orderDetail_id], [order_id], [food_id], [quantity], [price]) VALUES (48, 31, 42, 6, 15.3500)
INSERT [dbo].[orderDetail] ([orderDetail_id], [order_id], [food_id], [quantity], [price]) VALUES (49, 32, 37, 5, 22.3500)
INSERT [dbo].[orderDetail] ([orderDetail_id], [order_id], [food_id], [quantity], [price]) VALUES (50, 33, 31, 7, 22.3500)
SET IDENTITY_INSERT [dbo].[orderDetail] OFF
GO
SET IDENTITY_INSERT [dbo].[orders] ON 

INSERT [dbo].[orders] ([order_id], [username], [orderDate], [discount], [note], [status], [address]) VALUES (5, N'phucvh', CAST(N'2021-09-29' AS Date), 20, N'', 4, N'HCM')
INSERT [dbo].[orders] ([order_id], [username], [orderDate], [discount], [note], [status], [address]) VALUES (6, N'vuongnm', CAST(N'2021-10-28' AS Date), 0, N'', 5, N'ptttt')
INSERT [dbo].[orders] ([order_id], [username], [orderDate], [discount], [note], [status], [address]) VALUES (7, N'vuongnm', CAST(N'2021-10-28' AS Date), 0, N'', 4, N'pttt')
INSERT [dbo].[orders] ([order_id], [username], [orderDate], [discount], [note], [status], [address]) VALUES (8, N'vuongnm', CAST(N'2021-10-30' AS Date), 0, N'', 4, N'ssss')
INSERT [dbo].[orders] ([order_id], [username], [orderDate], [discount], [note], [status], [address]) VALUES (9, N'vuongnm', CAST(N'2021-10-30' AS Date), 0, N'', 4, N'5555')
INSERT [dbo].[orders] ([order_id], [username], [orderDate], [discount], [note], [status], [address]) VALUES (10, N'vuongnm', CAST(N'2021-10-31' AS Date), 0, N'', 4, N'a')
INSERT [dbo].[orders] ([order_id], [username], [orderDate], [discount], [note], [status], [address]) VALUES (11, N'vuongnm', CAST(N'2021-10-31' AS Date), 0, N'', 4, N'2')
INSERT [dbo].[orders] ([order_id], [username], [orderDate], [discount], [note], [status], [address]) VALUES (12, N'vuongnm', CAST(N'2021-11-02' AS Date), 0, N'', 4, N'sa')
INSERT [dbo].[orders] ([order_id], [username], [orderDate], [discount], [note], [status], [address]) VALUES (13, N'phuocqd', CAST(N'2021-11-03' AS Date), 0, N'Giao s?m nhé', 4, N'HCM')
INSERT [dbo].[orders] ([order_id], [username], [orderDate], [discount], [note], [status], [address]) VALUES (14, N'vuongnm', CAST(N'2021-11-03' AS Date), 0, N'', 4, N'ASSA')
INSERT [dbo].[orders] ([order_id], [username], [orderDate], [discount], [note], [status], [address]) VALUES (15, N'vuongnm', CAST(N'2021-11-03' AS Date), 0, N'', 4, N'HCM')
INSERT [dbo].[orders] ([order_id], [username], [orderDate], [discount], [note], [status], [address]) VALUES (16, N'phuocqd', CAST(N'2021-11-03' AS Date), 0, N'', 4, N'BINH TAN')
INSERT [dbo].[orders] ([order_id], [username], [orderDate], [discount], [note], [status], [address]) VALUES (17, N'vuongnm', CAST(N'2021-11-03' AS Date), 0, N'', 4, N'PhanThiet')
INSERT [dbo].[orders] ([order_id], [username], [orderDate], [discount], [note], [status], [address]) VALUES (18, N'vuongnm', CAST(N'2021-11-03' AS Date), 0, N'', 4, N'PHANTHIET')
INSERT [dbo].[orders] ([order_id], [username], [orderDate], [discount], [note], [status], [address]) VALUES (19, N'vuongnm', CAST(N'2021-11-03' AS Date), 0, N'', 4, N'PHANTHIET1')
INSERT [dbo].[orders] ([order_id], [username], [orderDate], [discount], [note], [status], [address]) VALUES (20, N'vuongnm', CAST(N'2021-11-06' AS Date), 0, N'GIAO NHANH', 5, N'BINH THUAN')
INSERT [dbo].[orders] ([order_id], [username], [orderDate], [discount], [note], [status], [address]) VALUES (21, N'vuongnm', CAST(N'2021-11-06' AS Date), 0, N'', 1, N'HOT')
INSERT [dbo].[orders] ([order_id], [username], [orderDate], [discount], [note], [status], [address]) VALUES (22, N'vuongnm', CAST(N'2021-11-06' AS Date), 0, N'', 1, N'HOT')
INSERT [dbo].[orders] ([order_id], [username], [orderDate], [discount], [note], [status], [address]) VALUES (23, N'vuongnm', CAST(N'2021-11-06' AS Date), 0, N'', 1, N'HOT')
INSERT [dbo].[orders] ([order_id], [username], [orderDate], [discount], [note], [status], [address]) VALUES (24, N'vuongnm', CAST(N'2021-11-07' AS Date), 0, N'', 1, N'HT')
INSERT [dbo].[orders] ([order_id], [username], [orderDate], [discount], [note], [status], [address]) VALUES (25, N'vuongnm', CAST(N'2021-11-07' AS Date), 0, N'', 1, N'hot')
INSERT [dbo].[orders] ([order_id], [username], [orderDate], [discount], [note], [status], [address]) VALUES (26, N'vuongnm', CAST(N'2021-01-01' AS Date), 0, N'', 1, N'PT01')
INSERT [dbo].[orders] ([order_id], [username], [orderDate], [discount], [note], [status], [address]) VALUES (27, N'vuongnm', CAST(N'2021-02-02' AS Date), 0, N'', 1, N'PT02')
INSERT [dbo].[orders] ([order_id], [username], [orderDate], [discount], [note], [status], [address]) VALUES (28, N'vuongnm', CAST(N'2021-03-03' AS Date), 0, N'', 1, N'PT03')
INSERT [dbo].[orders] ([order_id], [username], [orderDate], [discount], [note], [status], [address]) VALUES (29, N'vuongnm', CAST(N'2021-04-04' AS Date), 0, N'', 1, N'PT04')
INSERT [dbo].[orders] ([order_id], [username], [orderDate], [discount], [note], [status], [address]) VALUES (30, N'vuongnm', CAST(N'2021-05-05' AS Date), 0, N'', 1, N'PT05')
INSERT [dbo].[orders] ([order_id], [username], [orderDate], [discount], [note], [status], [address]) VALUES (31, N'vuongnm', CAST(N'2021-06-06' AS Date), 0, N'', 1, N'PT06')
INSERT [dbo].[orders] ([order_id], [username], [orderDate], [discount], [note], [status], [address]) VALUES (32, N'vuongnm', CAST(N'2021-07-07' AS Date), 0, N'', 1, N'PT07')
INSERT [dbo].[orders] ([order_id], [username], [orderDate], [discount], [note], [status], [address]) VALUES (33, N'vuongnm', CAST(N'2021-08-08' AS Date), 0, N'', 1, N'PT08')
SET IDENTITY_INSERT [dbo].[orders] OFF


select * from orders